n,t_count,instance,n_query,mae,wall_seconds,n_nonzero
8,0,0,1000,0.09402530170927431,0.38720059394836426,3511
8,0,0,2000,0.038454125024741014,1.2012312412261963,2438
8,0,0,4000,0.05367337850688162,1.3030788898468018,1975
8,0,0,8000,0.02454966766303512,4.127853870391846,1226
8,0,1,1000,0.11092955247953129,0.6199145317077637,3774
8,0,1,2000,0.036226794746744895,0.8722472190856934,2319
8,0,1,4000,0.06222024500991907,1.264389991760254,2313
8,0,1,8000,0.05734251546530926,2.5237045288085938,1470
8,0,2,1000,0.05952659264507413,0.3343923091888428,3357
8,0,2,2000,0.07991262380366533,0.6497802734375,2561
8,0,2,4000,0.043723137382224844,1.2530529499053955,1781
8,0,2,8000,0.020373904456094605,2.4727723598480225,1078
8,2,0,1000,0.1500402416085183,0.6222424507141113,3772
8,2,0,2000,0.04671244148181036,1.206563949584961,2534
8,2,0,4000,0.08202449157070026,1.883594274520874,2006
8,2,0,8000,0.04064160387556063,2.472486972808838,1149
8,2,1,1000,0.1391471707438026,0.5845062732696533,3691
8,2,1,2000,0.06363311260161317,0.6187314987182617,2840
8,2,1,4000,0.08445508813153932,1.221264362335205,1894
8,2,1,8000,0.034916999041002185,2.9371426105499268,1338
8,2,2,1000,0.04495403625264198,0.363070011138916,3276
8,2,2,2000,0.04036941556545034,1.309431791305542,2257
8,2,2,4000,0.030481565709192242,2.4118969440460205,1792
8,2,2,8000,0.030868545993396557,4.2682366371154785,1354
8,4,0,1000,0.4691636228114591,0.320939302444458,4341
8,4,0,2000,0.3454683431642843,0.9426510334014893,6020
8,4,0,4000,0.06496199262821375,2.290377378463745,2196
8,4,0,8000,0.04211575527716059,2.9599366188049316,1676
8,4,1,1000,0.35040626681380804,0.328571081161499,5547
8,4,1,2000,0.09841846353302441,0.8591461181640625,3633
8,4,1,4000,0.13719636622139816,1.410536766052246,3711
8,4,1,8000,0.09594418040495133,3.4807701110839844,2256
8,4,2,1000,0.08771157173670396,0.4100840091705322,3791
8,4,2,2000,0.20716104775226224,1.4686486721038818,3645
8,4,2,4000,0.2696933399320977,1.5740203857421875,3292
8,4,2,8000,0.011284041318253429,4.905152320861816,946
8,6,0,1000,0.29587822370373057,0.42029833793640137,4828
8,6,0,2000,0.17020970683209272,0.918447732925415,3919
8,6,0,4000,0.353451513236438,1.5824048519134521,5432
8,6,0,8000,0.030290948745504264,3.0342226028442383,1834
8,6,1,1000,0.05737623616284491,0.7003068923950195,3398
8,6,1,2000,0.07995840182962519,0.7577621936798096,3018
8,6,1,4000,0.08145200964732613,1.5825996398925781,4029
8,6,1,8000,0.04308095639739638,3.113548517227173,1643
8,6,2,1000,0.2748605074128557,0.7624096870422363,6554
8,6,2,2000,0.12165620181075387,1.5027790069580078,2853
8,6,2,4000,0.03533763241873338,1.663008451461792,1577
8,6,2,8000,0.07646924423150851,3.049644708633423,2868
8,8,0,1000,0.18276221001823323,0.3985309600830078,6333
8,8,0,2000,0.03202086758012575,0.7734880447387695,2349
8,8,0,4000,0.09044945008108578,1.522127628326416,2185
8,8,0,8000,0.05622695775534643,2.9829490184783936,2696
8,8,1,1000,0.24421565157034314,0.42183351516723633,5894
8,8,1,2000,0.17246993037917688,0.9558682441711426,6082
8,8,1,4000,0.04584145208069031,1.661252498626709,2105
8,8,1,8000,0.12755914434365156,4.296974182128906,1928
8,8,2,1000,0.1727003015835789,0.4056816101074219,4955
8,8,2,2000,0.1001748574471355,0.7792932987213135,3890
8,8,2,4000,0.06247422502181534,1.526876449584961,2978
8,8,2,8000,0.04903284854729827,5.565194845199585,1697
8,10,0,1000,0.058454365573133625,0.39390039443969727,3312
8,10,0,2000,0.4959543614220078,1.4267370700836182,9778
8,10,0,4000,0.07990648046953212,1.6954021453857422,4302
8,10,0,8000,0.059116526120131796,4.217651128768921,1960
8,10,1,1000,0.24185571194313482,0.5121877193450928,7628
8,10,1,2000,0.09575091132336076,0.8011846542358398,5224
8,10,1,4000,0.08753605546203916,1.4929711818695068,4190
8,10,1,8000,0.06753534158626033,3.0435428619384766,1617
8,10,2,1000,0.20164942126482632,0.4075582027435303,6833
8,10,2,2000,0.11248703555858648,0.7627029418945312,3216
8,10,2,4000,0.07562721839668188,2.8744802474975586,2201
8,10,2,8000,0.047633216996206075,2.999779462814331,1845
8,12,0,1000,0.060039928110561226,0.39391493797302246,3545
8,12,0,2000,0.24132379602155093,0.8034205436706543,4844
8,12,0,4000,0.025464922966651492,1.5260252952575684,2050
8,12,0,8000,0.03802791347668501,3.0584330558776855,1626
8,12,1,1000,0.28737442782167466,0.5939426422119141,5466
8,12,1,2000,0.046922254946971706,0.7925879955291748,3096
8,12,1,4000,0.07514002606183157,1.5515451431274414,2844
8,12,1,8000,0.03571916981737097,3.103712797164917,2041
8,12,2,1000,0.23033383351856113,0.38727402687072754,5220
8,12,2,2000,0.04565102541849601,0.8025102615356445,2576
8,12,2,4000,0.07918455775532791,1.611525535583496,3597
8,12,2,8000,0.08424928722493077,3.4268622398376465,3364
8,14,0,1000,0.322713123700626,0.4093587398529053,6264
8,14,0,2000,0.11482305469841539,0.7657616138458252,4540
8,14,0,4000,0.10857198611819645,2.419666051864624,4029
8,14,0,8000,0.0810158835636275,2.9321186542510986,2423
8,14,1,1000,0.20084487924206,0.3979058265686035,6641
8,14,1,2000,0.09477998162093244,0.7790427207946777,5521
8,14,1,4000,0.048515708783135006,1.490957260131836,1823
8,14,1,8000,0.06047097306066947,4.696056365966797,2655
8,14,2,1000,0.23889198254611071,0.7177724838256836,6683
8,14,2,2000,0.2682380845164601,0.7821393013000488,6870
8,14,2,4000,0.05308441933865058,1.5198745727539062,2493
8,14,2,8000,0.03243595559359184,2.979726791381836,1476
8,16,0,1000,0.07924877950292901,0.742913007736206,3937
8,16,0,2000,0.10008025589494529,0.7669034004211426,3570
8,16,0,4000,0.13546417821308815,1.4860584735870361,4370
8,16,0,8000,0.03416607241995608,2.9858336448669434,1862
8,16,1,1000,0.2002442979524613,0.3917348384857178,5647
8,16,1,2000,0.06298631192062576,0.7791335582733154,3720
8,16,1,4000,0.0995016572845556,2.8559741973876953,5193
8,16,1,8000,0.03711533104576605,4.963077783584595,1771
8,16,2,1000,0.2109009507029544,0.40715813636779785,6086
8,16,2,2000,0.09167866572937515,1.4774951934814453,4665
8,16,2,4000,0.04814424272906741,1.5312612056732178,2868
8,16,2,8000,0.05173066782154131,3.0012052059173584,2476
10,0,0,1000,0.20218392662087448,2.7585184574127197,30431
10,0,0,2000,0.08754538294452589,5.429654836654663,19224
10,0,0,4000,0.09148725396749371,8.74466848373413,13139
10,0,0,8000,0.030205233066585502,14.420993566513062,7627
10,0,1,1000,0.6958858549605861,3.3951737880706787,30660
10,0,1,2000,0.08909148231886524,4.699936389923096,19754
10,0,1,4000,0.06192640436427419,9.576312780380249,12061
10,0,1,8000,0.1028778703822482,20.98824405670166,11593
10,0,2,1000,0.15445428082924723,2.4017953872680664,28912
10,0,2,2000,0.14024131074186566,4.212559223175049,20041
10,0,2,4000,0.05920308858516739,8.280528783798218,11987
10,0,2,8000,0.033099674906541546,14.914225816726685,7488
10,2,0,1000,0.18076392424353396,2.371530532836914,31423
10,2,0,2000,0.2915384649197025,3.962574005126953,21208
10,2,0,4000,0.11833957764544148,10.914891004562378,18520
10,2,0,8000,0.04716362084857244,15.225966691970825,8564
10,2,1,1000,0.15463116636859514,2.2415342330932617,29740
10,2,1,2000,0.10327320084289807,3.8568825721740723,19533
10,2,1,4000,0.062003985882217894,7.968020439147949,11865
10,2,1,8000,0.04566350242733611,20.286505699157715,9896
10,2,2,1000,0.20665060392945903,2.265399217605591,29002
10,2,2,2000,0.8742209270346185,4.178803443908691,28445
10,2,2,4000,0.07969492844060833,7.618549346923828,14538
10,2,2,8000,0.03453370338361589,14.286144971847534,8108
10,4,0,1000,0.17173666780844873,2.4324352741241455,30404
10,4,0,2000,0.0944260650008738,5.039144039154053,20120
10,4,0,4000,0.05686014074771341,9.356092929840088,12368
10,4,0,8000,0.04427477168901058,14.553605556488037,8554
10,4,1,1000,0.17608535662609598,3.157041072845459,29310
10,4,1,2000,0.1053355926284053,4.031870603561401,19912
10,4,1,4000,0.14100262084875462,7.7131187915802,20526
10,4,1,8000,0.0365204860326382,17.966590642929077,9153
10,4,2,1000,0.21935729897540143,2.4063541889190674,31254
10,4,2,2000,0.1087296465413496,4.114011287689209,20028
10,4,2,4000,0.10250829058887301,8.652977228164673,13261
10,4,2,8000,0.04854931910939032,14.859756708145142,8949
10,6,0,1000,0.36638486502723633,2.560889959335327,33594
10,6,0,2000,0.13519015891410174,3.7739763259887695,19636
10,6,0,4000,0.12544172756807911,10.02320647239685,15062
10,6,0,8000,0.07060437343308432,16.43501567840576,9866
10,6,1,1000,0.17332523488799492,2.1236491203308105,29712
10,6,1,2000,0.26840644783151435,4.077819585800171,26538
10,6,1,4000,0.5350018830104417,6.65372633934021,39506
10,6,1,8000,0.03264469662404958,14.0351881980896,7439
10,6,2,1000,0.24014390942428684,2.445286273956299,30107
10,6,2,2000,0.11767641632895587,4.457080125808716,19862
10,6,2,4000,0.09074055067574967,6.193582057952881,14664
10,6,2,8000,0.12505189662899685,15.702093839645386,16642
10,8,0,1000,0.27353422182744724,2.7914180755615234,34468
10,8,0,2000,0.1519839634105304,5.119192600250244,22051
10,8,0,4000,0.19889496577509413,8.763067722320557,24676
10,8,0,8000,0.04599545639419376,13.50443959236145,10895
10,8,1,1000,0.2878460185563082,2.196000337600708,35465
10,8,1,2000,0.11631133410754446,3.6032798290252686,21645
10,8,1,4000,0.1070524708543894,7.155531167984009,14404
10,8,1,8000,0.06976605981879172,17.890991926193237,12473
10,8,2,1000,0.12503776871523248,2.715130090713501,30923
10,8,2,2000,0.1670657984791579,3.7785115242004395,20838
10,8,2,4000,0.0732538780540638,9.909886598587036,13150
10,8,2,8000,0.05305412591471639,17.304927587509155,9914
10,10,0,1000,0.2586041992913005,2.2293453216552734,33526
10,10,0,2000,0.1333338576857558,3.8039886951446533,21055
10,10,0,4000,0.10666879817347277,7.7080934047698975,14931
10,10,0,8000,0.05358526230074023,15.479547262191772,10615
10,10,1,1000,0.34186324725472805,2.5229551792144775,34299
10,10,1,2000,0.12754173874177602,3.75909161567688,20995
10,10,1,4000,0.11726157006198487,7.28727650642395,18064
10,10,1,8000,0.03341512488667757,17.438247203826904,9175
10,10,2,1000,0.18641883904970613,2.746497869491577,30938
10,10,2,2000,0.44746121646130177,4.446822881698608,32294
10,10,2,4000,0.11656468247976955,8.450125217437744,16939
10,10,2,8000,0.0859725879884958,13.91834545135498,10761
10,12,0,1000,0.17428803730328227,2.210529088973999,32255
10,12,0,2000,0.8534039001463565,3.374302387237549,61767
10,12,0,4000,0.12693083081622275,6.430917501449585,15647
10,12,0,8000,0.06273196947395474,18.257907390594482,12549
10,12,1,1000,0.20166509777666217,2.3233237266540527,31695
10,12,1,2000,0.24146194285723918,5.369748830795288,31020
10,12,1,4000,0.09815294208507512,7.898622512817383,15511
10,12,1,8000,0.06565671331279621,12.813679695129395,10175
10,12,2,1000,0.2938175029955844,2.2921018600463867,36591
10,12,2,2000,0.2377272978207428,6.371277093887329,31939
10,12,2,4000,0.07043751857272436,9.139123439788818,14739
10,12,2,8000,0.03953494950093658,14.67522644996643,9325
10,14,0,1000,0.6056326856916998,2.370112419128418,37178
10,14,0,2000,0.19657348529943888,3.620328426361084,27321
10,14,0,4000,0.4046287890448429,9.41498351097107,39862
10,14,0,8000,0.05820520022137863,22.125173807144165,9835
10,14,1,1000,0.21090088208926244,3.876971483230591,33238
10,14,1,2000,0.17066226366201354,5.17526650428772,23315
10,14,1,4000,0.20924663229129098,8.375609636306763,19751
10,14,1,8000,0.09767906375274403,15.117261171340942,13164
10,14,2,1000,0.3001112762049699,2.089256763458252,30631
10,14,2,2000,0.13184919942463735,5.549751281738281,22717
10,14,2,4000,0.09944685644270528,8.786551475524902,14019
10,14,2,8000,0.10231339552024392,13.18066930770874,14478
10,16,0,1000,0.8178897946961603,1.824228048324585,36055
10,16,0,2000,0.1855567688911948,5.352391719818115,28830
10,16,0,4000,0.09909979217812102,8.923986434936523,19557
10,16,0,8000,0.08469617158029877,14.001868963241577,12245
10,16,1,1000,0.21743931627777044,1.8605740070343018,32360
10,16,1,2000,0.11563210617724666,3.527744770050049,27387
10,16,1,4000,0.08416380112544133,6.506126165390015,13423
10,16,1,8000,0.05119876118128373,16.080281972885132,11403
10,16,2,1000,0.21660813820649177,2.080291509628296,31665
10,16,2,2000,0.23366783017192114,4.137791872024536,23072
10,16,2,4000,0.15056215805289228,11.458464622497559,18045
10,16,2,8000,0.17612372148755234,14.63051438331604,21419
12,0,0,1000,0.4871568720946183,22.50908875465393,221332
12,0,0,2000,0.26662562375646787,50.750781536102295,136978
12,0,0,4000,0.13771652909495954,95.42619800567627,84652
12,0,0,8000,0.08012717933414482,155.1661720275879,53104
12,0,1,1000,0.46788652707338674,28.10108256340027,219065
12,0,1,2000,0.34567818948545953,51.56165099143982,143258
12,0,1,4000,0.1676664895251298,108.06418538093567,89106
12,0,1,8000,0.08300795498855376,181.5629436969757,51671
12,0,2,1000,0.51944746419534,30.213862895965576,218008
12,0,2,2000,0.23902642266758192,49.96770668029785,138645
12,0,2,4000,0.3558350241723816,81.90660572052002,96503
12,0,2,8000,0.1600602200465245,150.91537070274353,56901
12,2,0,1000,0.44368750566066917,18.69092869758606,217215
12,2,0,2000,0.26217853273474356,50.02668213844299,141857
12,2,0,4000,0.23254289243151088,96.0742769241333,88603
12,2,0,8000,0.09456677342583081,157.43256783485413,56634
12,2,1,1000,0.447230414385991,25.86574363708496,216798
12,2,1,2000,0.22823216878052702,34.07251977920532,140425
12,2,1,4000,0.149570476651171,102.08719730377197,85907
12,2,1,8000,0.10815318542900074,189.55033421516418,55274
12,2,2,1000,0.44111889147200756,27.94538426399231,206239
12,2,2,2000,0.2764653862538521,46.536444902420044,135983
12,2,2,4000,0.13417175481593624,82.09785604476929,88610
12,2,2,8000,0.0810904807047056,151.0107343196869,51088
12,4,0,1000,2.5925469390568194,18.549500942230225,257919
12,4,0,2000,0.2969730024249221,40.7322678565979,139586
12,4,0,4000,0.2011649054655013,80.73182606697083,90577
12,4,0,8000,0.09762615624536974,140.148286819458,58251
12,4,1,1000,0.5393127442899406,23.218759059906006,213444
12,4,1,2000,0.41017869028481624,34.731842041015625,155686
12,4,1,4000,0.14792659562645072,97.18758392333984,84939
12,4,1,8000,0.240784581275103,179.77824234962463,71749
12,4,2,1000,0.4977624952513973,25.234752655029297,208819
12,4,2,2000,0.30310256447891487,41.87573266029358,144675
12,4,2,4000,0.12764872164186797,80.37899112701416,87052
12,4,2,8000,0.09718905511714468,148.69547939300537,61529
12,6,0,1000,0.5660688885713769,19.39763903617859,219086
12,6,0,2000,0.25845079196446624,38.43991756439209,145425
12,6,0,4000,0.1505953757285326,82.80540466308594,87354
12,6,0,8000,0.18879921589447354,150.08000659942627,62108
12,6,1,1000,0.5794538291958045,21.284582376480103,228838
12,6,1,2000,0.2570554523235774,32.86482119560242,136528
12,6,1,4000,0.16755963536838592,92.81662034988403,89807
12,6,1,8000,0.0849758897193922,172.16746830940247,52412
12,6,2,1000,0.6133826614924502,28.507023096084595,213002
12,6,2,2000,0.5533474331237285,39.183269023895264,145417
12,6,2,4000,0.12626597681546117,80.1898980140686,87199
12,6,2,8000,0.10301296435649647,147.47708892822266,57944
12,8,0,1000,0.4322664955512116,19.06544256210327,212822
12,8,0,2000,0.2915520256293537,37.82331824302673,140765
12,8,0,4000,0.1543594976632467,84.77192544937134,96295
12,8,0,8000,0.08951719627405587,151.41385173797607,52319
12,8,1,1000,1.1660351227231867,24.881960153579712,223651
12,8,1,2000,0.29410471508427705,33.944546937942505,139482
12,8,1,4000,0.11290930922912681,87.78081965446472,85704
12,8,1,8000,0.10765805905004242,180.99207735061646,58398
12,8,2,1000,0.5738493265081022,21.497103214263916,217371
12,8,2,2000,0.31431434204146225,39.93413805961609,140334
12,8,2,4000,0.123684870308379,83.36767506599426,87630
12,8,2,8000,0.08065567002694125,149.53919744491577,54134
12,10,0,1000,0.4753786621523325,17.873738050460815,222783
12,10,0,2000,0.31747960850772194,39.80403995513916,148338
12,10,0,4000,0.13034190369241444,82.14693093299866,85451
12,10,0,8000,0.09344814789599956,150.50413489341736,58166
12,10,1,1000,0.9888818152924438,22.71680450439453,235328
12,10,1,2000,0.32764955544235486,38.42049837112427,139205
12,10,1,4000,0.1798327682704384,87.62591910362244,90128
12,10,1,8000,0.1176660727394847,172.55275964736938,60925
12,10,2,1000,0.477250052824261,22.34417700767517,224480
12,10,2,2000,0.2957544270288328,48.781343936920166,138077
12,10,2,4000,0.16145454215096453,78.84907984733582,92291
12,10,2,8000,0.11346804953827898,147.4862082004547,68216
12,12,0,1000,0.5870163229605787,20.577012538909912,222143
12,12,0,2000,0.3536299366394208,36.01644206047058,139698
12,12,0,4000,0.1328873651665088,80.7710657119751,87713
12,12,0,8000,0.11606520408861143,151.27540922164917,73038
12,12,1,1000,0.5134550640766669,22.20152997970581,234097
12,12,1,2000,0.3138134311379937,35.10931944847107,138486
12,12,1,4000,0.166153527351167,82.05276274681091,89704
12,12,1,8000,0.08464916227914375,165.69691276550293,55315
12,12,2,1000,0.5474614640443377,23.11007332801819,223042
12,12,2,2000,0.23899629442636483,39.715033531188965,139050
12,12,2,4000,0.17310636685064268,72.74493098258972,92664
12,12,2,8000,0.17186580511892297,146.33640146255493,77569
12,14,0,1000,0.5508955600116402,18.601608514785767,231830
12,14,0,2000,0.3228555599745528,38.236772775650024,158412
12,14,0,4000,0.15093103049209503,75.89931321144104,87952
12,14,0,8000,0.15019735656354563,145.00976300239563,65467
12,14,1,1000,0.5738301923856608,18.439451932907104,225673
12,14,1,2000,0.34246837287414356,37.11792254447937,142157
12,14,1,4000,0.18826471395470967,89.65794324874878,107519
12,14,1,8000,0.11658029365273796,163.41379570960999,69987
12,14,2,1000,1.481492420057122,24.925527572631836,228214
12,14,2,2000,0.27813575778536326,39.09269833564758,137872
12,14,2,4000,0.17474082714965858,69.23493957519531,93081
12,14,2,8000,0.10145491280647449,148.51922631263733,56374
12,16,0,1000,0.5765212459877322,21.17216992378235,231233
12,16,0,2000,0.34435267567921807,34.79353618621826,142518
12,16,0,4000,0.20225048173598817,83.80912733078003,106948
12,16,0,8000,0.07808307704455128,152.3588149547577,58150
12,16,1,1000,0.42769059198880843,20.961583614349365,216476
12,16,1,2000,0.2938807139013064,37.41145300865173,143977
12,16,1,4000,0.17844634892995329,87.62818479537964,92299
12,16,1,8000,0.1484355563973152,174.70973134040833,76056
12,16,2,1000,0.5122257789626108,21.31089162826538,236691
12,16,2,2000,0.29857831605253093,40.018752098083496,136536
12,16,2,4000,0.16398771987018854,73.62195134162903,89177
12,16,2,8000,0.09971107020965289,118.58758306503296,56011
