n,theta_idx,method,energy,wall_seconds
6,0,noiseless,-4.775259851411445,0.00025653839111328125
6,0,noisy_factored,-4.427694264732782,0.001749277114868164
6,0,surrogate,-5.156515023396988,0.008656024932861328
6,0,shadow,-4.920000000000001,0.03871273994445801
6,1,noiseless,-4.959335377322522,0.0003287792205810547
6,1,noisy_factored,-4.5890057848208645,0.0023784637451171875
6,1,surrogate,-5.509097275957397,0.012192487716674805
6,1,shadow,-4.5075,0.03905224800109863
6,2,noiseless,-5.007101820392763,0.0002448558807373047
6,2,noisy_factored,-4.629357380823422,0.0017511844635009766
6,2,surrogate,-5.5214898389148965,0.00865316390991211
6,2,shadow,-4.484999999999999,0.038698434829711914
6,3,noiseless,-4.942420333945913,0.0002574920654296875
6,3,noisy_factored,-4.565623374088288,0.0017619132995605469
6,3,surrogate,-5.328883582336019,0.008673429489135742
6,3,shadow,-4.845,0.03870368003845215
6,4,noiseless,-5.0677369793192035,0.00025153160095214844
6,4,noisy_factored,-4.691549371068633,0.0017557144165039062
6,4,surrogate,-5.699601312100617,0.00855708122253418
6,4,shadow,-4.965,0.04574775695800781
6,5,noiseless,-4.98261974462868,0.00030541419982910156
6,5,noisy_factored,-4.617951079067737,0.0022902488708496094
6,5,surrogate,-5.4415061157612925,0.012305974960327148
6,5,shadow,-4.522500000000001,0.03899216651916504
6,6,noiseless,-5.089694626882304,0.000186920166015625
6,6,noisy_factored,-4.712273363385005,0.001399993896484375
6,6,surrogate,-5.7196514565828105,0.008592605590820312
6,6,shadow,-4.965,0.03835868835449219
6,7,noiseless,-5.045205471551005,0.00017547607421875
6,7,noisy_factored,-4.66355567404045,0.0014004707336425781
6,7,surrogate,-5.631222392723912,0.00857996940612793
6,7,shadow,-5.160000000000001,0.04120063781738281
6,8,noiseless,-4.984837320510801,0.0002105236053466797
6,8,noisy_factored,-4.614981516903878,0.0014107227325439453
6,8,surrogate,-5.42232438682632,0.00863790512084961
6,8,shadow,-4.4475,0.038475990295410156
6,9,noiseless,-4.5958473651804415,0.0001723766326904297
6,9,noisy_factored,-4.262565640863133,0.002643108367919922
6,9,surrogate,-5.152902695022835,0.010286569595336914
6,9,shadow,-3.3300000000000005,0.03843045234680176
6,10,noiseless,-5.082120787517221,0.000171661376953125
6,10,noisy_factored,-4.7057337301912705,0.0014677047729492188
6,10,surrogate,-5.662896668710245,0.008694887161254883
6,10,shadow,-4.980000000000001,0.03933310508728027
6,11,noiseless,-5.066371262262667,0.00022077560424804688
6,11,noisy_factored,-4.69018837749724,0.0018382072448730469
6,11,surrogate,-5.720659469911149,0.01219797134399414
6,11,shadow,-5.13,0.04583334922790527
6,12,noiseless,-5.1035989152882895,0.00019431114196777344
6,12,noisy_factored,-4.725269002646225,0.0015559196472167969
6,12,surrogate,-5.51476259773157,0.011444330215454102
6,12,shadow,-4.7325,0.03899264335632324
6,13,noiseless,-5.024738863620637,0.00022292137145996094
6,13,noisy_factored,-4.647513003373264,0.0013973712921142578
6,13,surrogate,-5.298331359684982,0.008805990219116211
6,13,shadow,-4.822500000000001,0.03876447677612305
6,14,noiseless,-4.975538522405335,0.00025534629821777344
6,14,noisy_factored,-4.609666385413522,0.001851797103881836
6,14,surrogate,-5.723667313043197,0.012191295623779297
6,14,shadow,-4.56,0.04639291763305664
6,15,noiseless,-5.096351889692277,0.00023031234741210938
6,15,noisy_factored,-4.717834145114145,0.0018506050109863281
6,15,surrogate,-5.656386950740847,0.012059688568115234
6,15,shadow,-4.995,0.03885006904602051
6,16,noiseless,-5.012294029686443,0.00021958351135253906
6,16,noisy_factored,-4.644271794655386,0.0018160343170166016
6,16,surrogate,-5.624324498190398,0.012170791625976562
6,16,shadow,-4.192500000000001,0.03892350196838379
6,17,noiseless,-5.056541621941486,0.00022673606872558594
6,17,noisy_factored,-4.6793543142675595,0.0018200874328613281
6,17,surrogate,-5.615332936945857,0.011993885040283203
6,17,shadow,-5.220000000000001,0.04635930061340332
6,18,noiseless,-4.960008641293972,0.00018262863159179688
6,18,noisy_factored,-4.592942707107558,0.0013804435729980469
6,18,surrogate,-5.541132493102327,0.01037740707397461
6,18,shadow,-4.725,0.038353919982910156
6,19,noiseless,-5.089230149025392,0.00020313262939453125
6,19,noisy_factored,-4.711137439542263,0.0014977455139160156
6,19,surrogate,-5.622663659913569,0.008849143981933594
6,19,shadow,-3.7275,0.03900313377380371
6,20,noiseless,-5.019821445128154,0.00021767616271972656
6,20,noisy_factored,-4.6459361534172885,0.00177001953125
6,20,surrogate,-5.619337994166448,0.012062788009643555
6,20,shadow,-4.544999999999999,0.038606882095336914
6,21,noiseless,-5.0949923400749615,0.0002338886260986328
6,21,noisy_factored,-4.717931304619147,0.0014073848724365234
6,21,surrogate,-5.702251930752983,0.011993885040283203
6,21,shadow,-4.365,0.045737266540527344
6,22,noiseless,-4.884779865461801,0.00023555755615234375
6,22,noisy_factored,-4.514211831667062,0.003324270248413086
6,22,surrogate,-5.010402479196579,0.012228250503540039
6,22,shadow,-4.635,0.03857159614562988
6,23,noiseless,-5.07856501136165,0.00021195411682128906
6,23,noisy_factored,-4.701142686409467,0.0018010139465332031
6,23,surrogate,-5.63002024463449,0.012151956558227539
6,23,shadow,-4.904999999999999,0.049715518951416016
8,0,noiseless,-6.793676364321611,0.0002512931823730469
8,0,noisy_factored,-6.27953052283287,0.018309354782104492
8,0,surrogate,-13.804489557438917,0.08892464637756348
8,0,shadow,-7.4174999999999995,1.2872381210327148
8,1,noiseless,-6.745398322102689,0.0002601146697998047
8,1,noisy_factored,-6.239662260801628,0.018407821655273438
8,1,surrogate,-14.09999265733019,0.08913516998291016
8,1,shadow,-6.547500000000001,1.2831416130065918
8,2,noiseless,-6.943574033837336,0.0002548694610595703
8,2,noisy_factored,-6.419766733586298,0.020793676376342773
8,2,surrogate,-14.147575560493182,0.11617398262023926
8,2,shadow,-6.517500000000002,0.9090051651000977
8,3,noiseless,-7.00840817377669,0.0002579689025878906
8,3,noisy_factored,-6.479898696403944,0.024065732955932617
8,3,surrogate,-14.396984431212314,0.1138615608215332
8,3,shadow,-6.539999999999999,1.38132905960083
8,4,noiseless,-6.592908631769411,0.0003216266632080078
8,4,noisy_factored,-6.097858327832034,0.023905515670776367
8,4,surrogate,-13.525604123322314,0.11563682556152344
8,4,shadow,-4.9125000000000005,1.3920719623565674
8,5,noiseless,-6.7667815333671415,0.00031185150146484375
8,5,noisy_factored,-6.25653933910159,0.023656606674194336
8,5,surrogate,-13.620576952785417,0.11398506164550781
8,5,shadow,-5.490000000000001,1.389521598815918
8,6,noiseless,-6.60578445586859,0.00048160552978515625
8,6,noisy_factored,-6.099203386448904,0.03273463249206543
8,6,surrogate,-13.513551091348306,0.18273353576660156
8,6,shadow,-5.625,0.6905550956726074
8,7,noiseless,-6.814378446879135,0.00036454200744628906
8,7,noisy_factored,-6.294460807303994,0.025851011276245117
8,7,surrogate,-13.676349578232685,0.12498974800109863
8,7,shadow,-5.865,1.3158090114593506
8,8,noiseless,-6.9873707057689085,0.0003590583801269531
8,8,noisy_factored,-6.460497348648789,0.0257720947265625
8,8,surrogate,-14.346587041257855,0.13013315200805664
8,8,shadow,-6.6,1.3219561576843262
8,9,noiseless,-6.718416903127423,0.0008893013000488281
8,9,noisy_factored,-6.211857467413343,0.039481163024902344
8,9,surrogate,-13.615519723548235,0.4139833450317383
8,9,shadow,-5.677499999999999,1.48191499710083
8,10,noiseless,-7.056174555330078,0.0004229545593261719
8,10,noisy_factored,-6.526114476403874,0.03257131576538086
8,10,surrogate,-14.364656712474886,0.13981914520263672
8,10,shadow,-6.5175,1.354367733001709
8,11,noiseless,-6.935117995084464,0.000904083251953125
8,11,noisy_factored,-6.412717363885357,0.038460731506347656
8,11,surrogate,-13.870856077067337,0.4236421585083008
8,11,shadow,-6.554999999999999,1.5510141849517822
8,12,noiseless,-6.9655015096003785,0.0003170967102050781
8,12,noisy_factored,-6.4398921840192465,0.02085256576538086
8,12,surrogate,-14.060098771745972,0.169386625289917
8,12,shadow,-6.36,0.8934385776519775
8,13,noiseless,-6.925290098091485,0.0003509521484375
8,13,noisy_factored,-6.402662686097011,0.02572321891784668
8,13,surrogate,-14.29281314437196,0.12605834007263184
8,13,shadow,-6.885000000000001,1.2234241962432861
8,14,noiseless,-6.5454932564192765,0.0003528594970703125
8,14,noisy_factored,-6.056454417081663,0.02568984031677246
8,14,surrogate,-13.159878550160398,0.12510156631469727
8,14,shadow,-5.962500000000001,1.2457706928253174
8,15,noiseless,-6.967526854938787,0.0003426074981689453
8,15,noisy_factored,-6.442323322870332,0.02267932891845703
8,15,surrogate,-14.313949379998858,0.11842823028564453
8,15,shadow,-7.207500000000001,1.3091018199920654
8,16,noiseless,-6.802372503099373,0.0004150867462158203
8,16,noisy_factored,-6.2876558597525865,0.03412437438964844
8,16,surrogate,-14.256570912883427,0.17590951919555664
8,16,shadow,-6.825,1.0989201068878174
8,17,noiseless,-6.962815138172679,0.0009715557098388672
8,17,noisy_factored,-6.43783035703946,0.042325735092163086
8,17,surrogate,-14.273113396263867,0.4217703342437744
8,17,shadow,-6.06,1.3257358074188232
8,18,noiseless,-6.585612682562338,0.0009138584136962891
8,18,noisy_factored,-6.086388885218394,0.04018902778625488
8,18,surrogate,-14.079126455099052,0.42424464225769043
8,18,shadow,-5.430000000000001,1.5025246143341064
8,19,noiseless,-6.103212740830137,0.0003542900085449219
8,19,noisy_factored,-5.636470356768798,0.027436494827270508
8,19,surrogate,-13.308271414100306,0.12429618835449219
8,19,shadow,-4.86,1.2547383308410645
8,20,noiseless,-6.983023655632066,0.00037860870361328125
8,20,noisy_factored,-6.45414879064966,0.025356531143188477
8,20,surrogate,-14.65329571234333,0.1256704330444336
8,20,shadow,-5.25,1.4441585540771484
8,21,noiseless,-6.666884878560738,0.0004253387451171875
8,21,noisy_factored,-6.163158880180313,0.03522515296936035
8,21,surrogate,-12.84743786164685,0.18131303787231445
8,21,shadow,-6.1274999999999995,1.4672276973724365
8,22,noiseless,-6.9191817686520585,0.0004165172576904297
8,22,noisy_factored,-6.401629986593035,0.03557276725769043
8,22,surrogate,-13.861413544616163,0.18358230590820312
8,22,shadow,-7.342500000000001,1.3680119514465332
8,23,noiseless,-6.749949365481277,0.0004584789276123047
8,23,noisy_factored,-6.242883701763486,0.035085439682006836
8,23,surrogate,-14.926476219793878,0.17928791046142578
8,23,shadow,-6.1725,0.5913681983947754
