trial,gauss_deviation,shadow_deviation
0,0.064042,-0.081583
1,-0.108821,-0.097850
2,0.126881,0.000448
3,0.012936,-0.070761
4,-0.022119,0.099582
5,0.096267,0.215037
6,-0.000566,-0.017606
7,0.060333,-0.134793
8,0.106047,-0.047323
9,0.074011,-0.099637
10,0.097891,-0.041043
11,-0.127074,-0.097850
12,0.154276,0.164511
13,-0.101124,-0.040988
14,-0.137034,0.109569
15,-0.155047,-0.064425
16,0.090658,0.141073
17,0.140402,-0.058145
18,-0.045170,0.039256
19,-0.026940,-0.041043
20,0.016485,0.042775
21,0.112996,0.074412
22,-0.080994,0.052707
23,-0.031753,-0.047323
24,0.034585,-0.111356
25,-0.068848,0.191600
26,-0.064227,-0.133006
27,-0.045244,-0.082480
28,0.094595,-0.034708
29,-0.132939,0.076200
30,-0.082032,-0.069864
31,-0.035847,-0.152792
32,-0.067502,-0.058145
33,0.112262,0.086131
34,-0.149278,-0.076200
35,0.074883,0.222208
36,-0.070374,-0.031056
37,-0.097643,0.042775
38,-0.058228,0.005832
39,0.047030,-0.050975
40,0.017330,0.089650
41,0.005007,-0.019338
42,-0.064703,0.159963
43,0.004516,0.105020
44,0.018496,-0.163614
45,0.063388,0.059042
46,-0.090591,0.059042
47,-0.078789,-0.070761
48,-0.068773,0.000448
49,0.056579,0.312306
50,0.022521,-0.128458
51,-0.048645,-0.134793
52,-0.273528,-0.050975
53,-0.039974,-0.000448
54,0.023050,-0.097850
55,-0.135476,-0.109569
56,0.027707,-0.076200
57,0.088616,-0.069864
58,-0.044834,-0.093302
59,-0.226170,0.022989
60,-0.129090,0.116739
61,0.164267,-0.069864
62,0.076140,0.050975
63,0.063154,0.077931
64,0.146799,0.076200
65,0.098520,-0.005887
66,0.031373,-0.012167
67,-0.014254,0.011270
68,0.083998,-0.087918
69,0.152273,-0.099582
70,0.056748,0.152792
71,0.166435,0.017550
72,-0.100293,0.111300
73,0.076342,-0.069864
74,0.056116,-0.041043
75,-0.021720,-0.081583
76,0.024791,0.066213
77,-0.144168,0.151895
78,-0.153519,0.017550
79,-0.080298,0.000448
80,-0.093552,0.089650
81,0.027680,-0.005832
82,0.112181,-0.050975
83,-0.113091,-0.205106
84,-0.034439,0.113088
85,0.086253,0.029269
86,-0.016655,-0.066213
87,0.065528,0.029269
88,0.047622,-0.136525
89,-0.124370,-0.042775
90,0.102015,-0.181668
91,-0.097575,0.052707
92,0.145191,-0.109569
93,-0.031879,-0.129355
94,0.085541,-0.211386
95,-0.023927,0.052707
96,0.167594,-0.046427
97,-0.130373,0.069864
98,0.005892,0.128458
99,0.053001,-0.077931
100,0.088912,-0.089650
101,-0.082090,-0.113088
102,0.031929,-0.121287
103,-0.291350,0.087863
104,-0.061418,-0.094198
105,0.002427,-0.017606
106,-0.191261,-0.046427
107,-0.181008,0.007619
108,0.104881,-0.015819
109,0.224046,-0.034708
110,-0.031012,-0.158175
111,-0.109558,0.062694
112,-0.096892,0.050975
113,0.027210,0.187948
114,-0.075692,0.156444
115,-0.201340,-0.133006
116,-0.055546,-0.017606
117,-0.118118,0.205106
118,-0.085228,0.077931
119,-0.098157,0.052707
120,0.224396,-0.105917
121,0.199081,-0.052762
122,-0.026547,-0.152792
123,0.033729,-0.076200
124,0.064214,0.097850
125,-0.112620,-0.101369
126,0.189272,-0.134793
127,0.046244,-0.005887
128,-0.035626,-0.228543
129,0.036107,0.134793
130,0.032146,0.029325
131,-0.068482,-0.005887
132,-0.116817,-0.086131
133,-0.113803,0.105917
134,-0.085143,-0.124806
135,0.179135,0.054494
136,0.039026,-0.275363
137,0.166327,-0.064425
138,0.125051,0.059042
139,0.040572,0.205050
140,-0.135155,0.275363
141,0.016749,0.027537
142,0.062394,-0.094198
143,0.117195,-0.031056
144,0.070632,0.105020
145,-0.034336,0.086131
146,0.244080,-0.222208
147,-0.039423,0.168162
148,0.067926,0.144725
149,-0.123504,-0.144725
150,0.026762,0.019338
151,-0.194526,-0.216769
152,-0.059698,-0.086131
153,0.096941,-0.087918
154,-0.162654,-0.111356
155,-0.132157,0.029269
156,0.074981,0.059042
157,0.092326,-0.007619
158,0.126867,0.087863
159,0.003286,0.015819
160,-0.042493,-0.164511
161,-0.095085,-0.111356
162,0.120765,0.099582
163,-0.291077,-0.029325
164,0.027694,0.152792
165,0.044332,0.245645
166,-0.089370,0.121287
167,-0.129662,-0.066213
168,-0.047654,0.042775
169,-0.038264,-0.222208
170,0.002471,-0.187948
171,0.078698,-0.040988
172,-0.084961,0.089650
173,0.089040,-0.086131
174,0.095172,0.066213
175,0.094764,0.064481
176,0.045513,-0.031056
177,-0.070198,0.086131
178,0.157850,-0.064425
179,-0.002161,-0.007619
180,-0.119621,0.052707
181,-0.072288,-0.105917
182,0.199664,0.099582
183,0.087312,-0.000448
184,0.052343,-0.087863
185,0.051574,0.111300
186,-0.035458,0.012167
187,0.012485,0.134738
188,0.131992,0.105020
189,-0.093372,-0.117636
190,0.027048,0.113088
191,0.145369,-0.134793
192,-0.041332,0.012167
193,0.039106,0.144725
194,0.221509,0.146457
195,-0.001153,0.117636
196,-0.139233,0.064425
197,-0.011848,0.070761
198,-0.045514,-0.046427
199,-0.095912,0.005832
200,0.038261,0.017606
201,0.130484,0.029325
202,-0.011746,0.059042
203,0.027334,-0.206838
204,-0.139341,0.169894
205,0.087206,-0.005832
206,0.050177,-0.000448
207,-0.202692,-0.074412
208,-0.020843,-0.210489
209,-0.144613,0.064425
210,0.063354,0.113088
211,-0.047164,-0.029325
212,-0.002758,0.004100
213,0.079076,0.000448
214,-0.105547,0.097850
215,-0.119238,0.027537
216,-0.126994,-0.087918
217,-0.023865,0.011270
218,0.051729,0.179881
219,-0.020090,0.047323
220,-0.080015,-0.099637
221,0.015102,-0.022989
222,-0.062692,-0.205050
223,0.049182,-0.211386
224,-0.178514,0.007619
225,-0.167095,0.076200
226,-0.005299,-0.047323
227,0.098472,-0.004100
228,0.172336,-0.034708
229,0.031839,0.109569
230,0.032812,-0.222208
231,0.078878,-0.081583
232,0.121752,0.034708
233,-0.043654,-0.005887
234,-0.126197,-0.005832
235,-0.160131,0.074412
236,0.032310,0.005887
237,0.151600,-0.169950
238,0.079535,-0.164511
239,-0.072032,0.052707
240,0.070283,-0.042775
241,0.040475,-0.123019
242,0.178154,0.273631
243,0.101859,-0.047323
244,0.022617,-0.005887
245,0.113679,0.035605
246,0.018295,-0.031056
247,0.106712,-0.175333
248,-0.049369,0.062694
249,-0.008538,0.007619
250,-0.150623,0.039256
251,-0.077383,-0.070761
252,0.016308,-0.052707
253,-0.082785,0.059042
254,-0.047770,-0.011270
255,0.116190,0.169950
256,-0.036159,0.058145
257,0.045101,0.218556
258,-0.007417,-0.087918
259,-0.042774,0.152792
260,0.054329,-0.094198
261,0.162904,-0.087863
262,-0.119705,-0.054494
263,0.180986,-0.007619
264,0.078690,-0.076144
265,-0.116336,0.094198
266,-0.044378,0.029269
267,0.105290,0.039256
268,-0.214976,0.031056
269,-0.029642,-0.251925
270,-0.104511,0.064425
271,0.061463,0.052707
272,0.018609,0.005832
273,-0.155641,-0.097850
274,-0.020497,-0.022989
275,-0.098224,0.017550
276,-0.218417,-0.047323
277,-0.049678,-0.054494
278,-0.124542,-0.054494
279,0.029864,0.052707
280,-0.040005,0.076200
281,-0.092801,-0.111300
282,-0.007774,-0.140177
283,0.060939,0.205050
284,0.134032,0.070761
285,0.123219,0.077931
286,0.034211,0.004100
287,-0.347530,-0.019338
288,0.011239,0.069864
289,0.152825,-0.158231
290,0.058593,0.158175
291,-0.135160,0.015819
292,0.054623,-0.146512
293,-0.079210,0.168162
294,-0.076389,0.128458
295,0.133793,0.099582
296,-0.004422,0.005832
297,-0.156797,0.205050
298,-0.093520,0.105917
299,-0.001194,0.187948
300,-0.080302,-0.042775
301,-0.038634,0.029269
302,0.084745,0.041043
303,-0.072986,0.094198
304,-0.040031,-0.333957
305,0.093655,-0.113088
306,-0.092467,0.031056
307,0.031023,-0.176230
308,-0.204661,-0.004100
309,-0.109522,-0.022989
310,0.216972,-0.042775
311,0.045929,-0.054494
312,-0.026464,-0.261912
313,0.130989,-0.005887
314,0.076303,-0.040988
315,-0.258694,0.039256
316,-0.116177,-0.117636
317,-0.163880,-0.005832
318,-0.059158,0.064425
319,0.233561,-0.031056
320,0.033753,0.027537
321,-0.016062,-0.124806
322,-0.013394,-0.011270
323,-0.009219,0.059042
324,-0.105445,-0.193387
325,-0.051923,0.042775
326,0.085478,-0.123019
327,0.130090,-0.164511
328,-0.103626,0.064425
329,0.035687,0.041043
330,-0.069844,0.117636
331,-0.032605,0.121287
332,-0.028895,0.000448
333,0.192398,0.069864
334,-0.022596,0.042775
335,-0.095416,-0.054494
336,-0.027881,0.152792
337,-0.070620,0.089650
338,0.116809,-0.012167
339,0.113009,-0.101369
340,0.074675,0.121287
341,-0.005951,-0.062694
342,0.054731,0.022989
343,0.006168,0.023886
344,-0.097815,-0.027537
345,0.098987,0.017606
346,0.097372,0.111300
347,0.223702,-0.050975
348,0.190300,0.124806
349,-0.059872,0.034708
350,0.090684,0.187948
351,0.209250,-0.062694
352,-0.098688,0.064425
353,-0.098203,-0.076200
354,0.088691,-0.039256
355,0.068858,-0.005887
356,0.043909,-0.121287
357,-0.104544,-0.152792
358,0.142391,0.022989
359,0.078183,-0.187052
360,0.061867,0.152792
361,0.009171,0.158231
362,-0.139566,0.023886
363,-0.015445,-0.082480
364,-0.113295,-0.041043
365,-0.026370,0.198770
366,0.122083,-0.058145
367,-0.170330,0.022989
368,-0.105290,-0.035605
369,-0.231997,0.169950
370,-0.026167,0.134738
371,0.021115,0.158231
372,0.088735,0.004100
373,0.131924,0.041043
374,-0.044174,-0.017606
375,0.077482,0.005832
376,0.117798,-0.105020
377,-0.145159,0.027537
378,-0.113221,0.087918
379,0.007309,0.015819
380,0.040749,0.076200
381,-0.048898,0.031056
382,0.152601,-0.046427
383,-0.000318,0.077931
384,-0.214880,-0.144725
385,0.024819,-0.171681
386,0.294859,-0.164511
387,0.029452,-0.074412
388,-0.030942,0.027537
389,-0.002399,0.077931
390,0.133954,0.042775
391,-0.200708,0.023886
392,0.241363,-0.086131
393,0.104330,-0.187052
394,-0.039684,0.064425
395,0.077595,-0.433145
396,0.136510,-0.144725
397,-0.034239,0.000448
398,0.012369,0.087918
399,0.025979,-0.007619
400,0.166190,0.105020
401,-0.023235,0.175333
402,0.150737,-0.041043
403,-0.108484,-0.134738
404,0.173153,0.123019
405,0.061394,-0.062694
406,0.162155,0.144725
407,-0.005189,0.086131
408,0.093475,0.058145
409,-0.062243,0.017606
410,-0.107102,0.183400
411,0.009468,0.040988
412,0.071673,-0.076144
413,-0.059239,0.158175
414,-0.018440,0.109569
415,-0.040464,-0.105020
416,-0.012133,0.105917
417,-0.121764,0.062694
418,0.068368,0.086131
419,0.025920,0.040988
420,0.037717,-0.133006
421,0.018589,-0.082480
422,-0.066151,-0.074412
423,0.027085,0.011270
424,-0.005099,0.113088
425,0.112890,0.129355
426,-0.047250,-0.034708
427,-0.069092,0.077931
428,-0.067084,0.087863
429,-0.066573,-0.029269
430,0.093772,-0.029325
431,-0.051434,-0.005832
432,0.087798,-0.240262
433,0.008141,0.164511
434,-0.056398,-0.280802
435,-0.021170,-0.011270
436,0.075531,-0.087863
437,0.065641,0.052707
438,0.155778,-0.034708
439,-0.155118,-0.064481
440,-0.093764,0.169894
441,0.136766,0.156444
442,-0.285231,-0.039256
443,0.012830,0.054494
444,0.069956,-0.077931
445,0.100217,-0.047323
446,0.104477,0.005832
447,-0.014527,0.052762
448,-0.135150,0.105917
449,0.000173,0.066213
450,0.022380,0.031056
451,0.103677,0.029269
452,-0.064277,-0.287082
453,0.080893,-0.005887
454,0.156230,0.031056
455,-0.160113,0.058145
456,-0.040919,0.027537
457,-0.017186,-0.074412
458,-0.024707,-0.121287
459,-0.081194,-0.035605
460,-0.064387,0.052762
461,0.057983,0.004100
462,-0.061780,-0.041043
463,-0.041991,-0.034708
464,0.134635,-0.005832
465,-0.129250,-0.087918
466,-0.096729,-0.005887
467,0.020370,0.011270
468,-0.116770,0.031056
469,-0.017585,0.054494
470,-0.025154,-0.198770
471,-0.106078,0.064425
472,-0.070381,0.134738
473,-0.124937,0.066213
474,-0.061563,0.205050
475,0.067417,0.059042
476,0.033805,0.005887
477,-0.025278,0.099637
478,-0.101255,-0.066213
479,-0.155343,-0.004100
480,0.036777,-0.111300
481,0.135416,0.042775
482,-0.046408,0.031056
483,-0.031477,0.111356
484,-0.061762,-0.046427
485,0.045939,0.203319
486,-0.239026,-0.000448
487,0.153615,0.066213
488,0.166779,0.069864
489,-0.025047,-0.123019
490,-0.085008,0.047323
491,0.031782,-0.041043
492,-0.040553,0.019338
493,0.007363,0.116739
494,-0.009642,0.050975
495,-0.093631,-0.041043
496,-0.022151,-0.099582
497,-0.030137,-0.086131
498,0.122074,0.113088
499,0.146336,-0.129355
500,0.064568,0.012167
501,0.016041,0.064425
502,-0.056620,0.222208
503,-0.030946,-0.105020
504,-0.008979,0.116739
505,-0.187406,0.076144
506,0.062982,-0.039256
507,-0.127907,-0.123019
508,0.103064,0.004100
509,-0.024612,0.087918
510,0.000976,-0.027537
511,0.014226,0.074412
512,-0.104738,-0.094198
513,-0.138549,0.017606
514,0.028626,-0.111300
515,0.016977,-0.089650
516,-0.039092,0.109569
517,0.031474,0.029269
518,0.199898,-0.146457
519,0.122745,-0.223105
520,-0.076658,0.148244
521,-0.214183,0.000448
522,0.082219,0.116739
523,-0.125310,-0.111300
524,0.071023,0.050975
525,0.024084,0.175333
526,0.073302,-0.124806
527,0.005000,0.206838
528,0.075107,-0.086131
529,-0.074056,-0.052762
530,-0.019934,0.128458
531,0.103506,0.069864
532,-0.049430,-0.099637
533,-0.056685,-0.050975
534,-0.063313,0.128458
535,0.003238,-0.005887
536,-0.032740,-0.087863
537,0.034370,-0.210489
538,0.052710,0.081583
539,0.009093,0.081583
540,-0.035211,-0.123019
541,0.352471,0.005887
542,0.031983,-0.133006
543,0.020002,-0.004100
544,-0.123743,0.245645
545,0.006803,-0.041043
546,-0.016146,0.005887
547,0.262843,0.007619
548,0.033236,-0.034708
549,0.000307,0.069864
550,-0.013279,0.012167
551,0.108189,-0.012167
552,0.049817,-0.052707
553,-0.104246,0.019338
554,0.022778,0.029325
555,0.054485,-0.017606
556,0.040020,-0.052707
557,-0.125567,0.041043
558,-0.034545,-0.069864
559,0.048901,0.005887
560,-0.044200,-0.023886
561,-0.054081,0.124806
562,0.027726,0.205050
563,-0.095391,-0.159963
564,-0.042048,-0.022989
565,-0.005504,-0.105917
566,-0.026560,-0.039256
567,0.121006,-0.069864
568,-0.166519,-0.298856
569,0.145579,0.164511
570,0.182276,-0.176230
571,-0.038842,-0.023886
572,0.044017,-0.035605
573,0.001525,-0.124806
574,0.038601,0.034708
575,0.220284,-0.039256
576,0.099506,0.029325
577,0.139104,0.042775
578,0.067269,0.000448
579,0.018242,-0.042775
580,0.076260,-0.041043
581,0.018964,-0.042775
582,0.017835,0.093302
583,-0.034567,-0.029269
584,0.099999,-0.133006
585,-0.106017,0.099637
586,0.255144,-0.005832
587,0.026773,0.086131
588,-0.142703,-0.105020
589,-0.002674,-0.042775
590,0.014258,-0.017550
591,-0.050860,0.042775
592,0.074651,0.129355
593,-0.065212,-0.151895
594,0.050608,-0.066213
595,-0.051107,-0.017550
596,-0.165155,0.041043
597,-0.251274,-0.054494
598,-0.065904,-0.019338
599,0.110131,-0.058145
600,-0.038199,-0.058145
601,-0.077457,-0.058145
602,-0.052348,-0.012167
603,-0.030719,0.116739
604,0.152302,-0.093302
605,-0.145446,-0.017550
606,0.096250,0.054494
607,-0.024800,-0.111300
608,-0.175508,0.027537
609,0.018817,-0.005887
610,0.086387,0.066213
611,0.134760,-0.111300
612,-0.132759,-0.054494
613,-0.031704,-0.023886
614,0.098152,0.058145
615,-0.156202,0.074412
616,0.103749,-0.046427
617,0.143573,0.181613
618,-0.047619,0.066213
619,-0.031754,-0.050975
620,0.187237,0.064481
621,-0.017678,0.059042
622,-0.055248,0.054494
623,0.139544,-0.089650
624,0.089300,-0.087863
625,0.001653,0.105917
626,-0.085447,0.050975
627,0.014975,0.031056
628,0.187588,0.181613
629,-0.078576,0.040988
630,-0.035956,-0.151895
631,0.176562,-0.198770
632,-0.044345,0.233927
633,-0.015907,-0.019338
634,0.047626,-0.064481
635,-0.279299,-0.099582
636,0.011478,-0.099637
637,0.078987,-0.031056
638,0.092790,-0.005832
639,-0.068726,0.086131
640,0.110880,0.156444
641,-0.081546,-0.019338
642,-0.033530,-0.094198
643,-0.023167,0.101369
644,0.036462,0.181613
645,-0.050846,-0.113088
646,0.142495,0.111356
647,0.070590,-0.133006
648,-0.123813,-0.029269
649,-0.003933,-0.076200
650,-0.038771,-0.187052
651,0.254985,-0.034708
652,-0.130246,-0.005832
653,-0.081375,0.181613
654,0.046619,0.087918
655,-0.077747,-0.087863
656,-0.043094,0.105917
657,-0.013456,0.005887
658,-0.033404,0.066213
659,0.004286,-0.031056
660,-0.079843,0.011270
661,-0.011180,-0.111356
662,-0.058463,0.111300
663,-0.151080,-0.076144
664,-0.079330,0.099637
665,-0.017833,0.105020
666,-0.039983,0.052762
667,0.013711,0.062694
668,0.089024,-0.000448
669,-0.064180,-0.087918
670,-0.046862,0.058145
671,-0.072843,-0.017550
672,0.099232,0.198770
673,-0.036274,0.159963
674,0.120905,0.039256
675,-0.085141,-0.076200
676,-0.104244,0.159963
677,-0.060509,-0.050975
678,0.047730,0.140177
679,-0.029390,-0.019338
680,-0.020119,0.064481
681,-0.024328,0.042775
682,0.132604,0.050975
683,-0.057609,-0.101369
684,0.065842,0.277150
685,0.000261,-0.076200
686,-0.046874,-0.163614
687,-0.001387,-0.111356
688,-0.267068,0.087918
689,-0.062350,-0.168162
690,-0.021502,-0.111356
691,-0.116649,-0.005832
692,0.039315,0.039256
693,-0.094695,-0.029269
694,0.078937,0.086131
695,0.115477,0.101369
696,-0.057022,-0.134738
697,0.123365,0.052707
698,-0.112175,0.029269
699,-0.084639,0.011270
700,0.006137,0.023886
701,0.070129,0.081583
702,0.054889,-0.005887
703,0.062376,-0.031056
704,0.035898,0.050975
705,0.007979,-0.017606
706,-0.039062,-0.029325
707,-0.158789,0.029269
708,-0.078743,0.011270
709,0.040871,-0.069864
710,-0.034869,0.094198
711,-0.050380,-0.005887
712,-0.029596,-0.116739
713,0.077453,-0.064425
714,0.126045,0.027537
715,0.005882,-0.069864
716,-0.050653,0.187052
717,0.009576,0.074412
718,-0.035360,-0.064425
719,-0.053874,-0.029325
720,0.275894,-0.097850
721,-0.216152,0.034708
722,-0.011052,-0.087918
723,-0.258589,0.041043
724,0.194018,0.027537
725,-0.037190,-0.109569
726,-0.043852,0.042775
727,-0.137307,-0.205050
728,-0.088939,-0.029325
729,0.058341,-0.041043
730,-0.027802,0.117636
731,-0.208919,-0.206838
732,-0.021019,0.134793
733,0.065539,-0.151895
734,0.136999,-0.042775
735,-0.152894,-0.007619
736,0.055289,0.109569
737,-0.024392,-0.011270
738,0.062112,-0.064481
739,-0.061607,0.134793
740,0.010952,0.042775
741,0.016282,0.105917
742,0.041160,-0.007619
743,-0.224756,-0.019338
744,0.069261,0.203319
745,-0.116903,0.087918
746,-0.081430,0.076144
747,-0.073069,-0.094198
748,0.162726,0.124806
749,0.036848,-0.022989
750,-0.083911,-0.023886
751,0.232974,0.052762
752,-0.041078,0.022989
753,-0.091063,-0.064425
754,-0.021668,-0.005832
755,-0.001299,0.042775
756,0.006496,0.052762
757,-0.021499,-0.007619
758,0.137532,-0.017606
759,-0.017043,0.062694
760,0.051953,0.012167
761,0.061595,0.052762
762,-0.098037,-0.011270
763,0.092667,0.064425
764,0.163957,0.031056
765,-0.066746,-0.042775
766,-0.004265,0.066213
767,0.041908,-0.062694
768,0.047770,0.052762
769,-0.107528,0.022989
770,-0.126542,-0.046427
771,-0.012688,-0.066213
772,0.212192,0.066213
773,0.014074,-0.128458
774,0.019251,0.004100
775,-0.134672,0.089650
776,0.087070,-0.215037
777,-0.098794,0.116739
778,0.097804,0.123019
779,-0.101893,0.012167
780,-0.092757,0.176230
781,0.065415,0.042775
782,-0.134594,0.099582
783,-0.009201,0.082480
784,0.010435,-0.000448
785,-0.054426,-0.007619
786,-0.157622,-0.000448
787,-0.021498,-0.121287
788,0.095302,0.005887
789,0.057209,-0.034708
790,-0.145462,0.070761
791,-0.027881,0.004100
792,-0.005062,-0.140177
793,-0.027554,0.019338
794,0.007933,0.121287
795,-0.222653,0.007619
796,-0.080357,0.005832
797,0.033811,0.158231
798,0.040071,-0.039256
799,-0.005027,-0.133006
800,-0.159961,-0.117636
801,0.111961,0.005832
802,-0.109435,0.094198
803,0.052355,0.035605
804,-0.056385,0.101369
805,-0.039429,-0.152792
806,-0.134347,0.082480
807,-0.028681,-0.101369
808,-0.177021,-0.105020
809,0.036927,-0.099582
810,-0.108503,-0.216769
811,-0.132447,0.027537
812,-0.088026,0.005832
813,0.033896,-0.034708
814,0.036044,0.251925
815,-0.121396,0.148244
816,0.032796,0.117636
817,0.107610,0.141073
818,0.074676,0.005887
819,0.026925,0.050975
820,-0.090529,0.097850
821,0.070427,-0.064481
822,0.052428,0.076144
823,-0.161234,0.216769
824,0.186917,-0.062694
825,0.214563,0.062694
826,-0.041696,0.156444
827,0.094939,-0.168162
828,-0.008895,0.047323
829,0.038693,-0.123019
830,-0.190868,-0.141073
831,-0.180598,-0.050975
832,-0.006361,-0.064425
833,-0.170651,-0.123075
834,0.250824,0.205050
835,-0.030906,-0.164511
836,-0.135760,0.007619
837,-0.162429,0.097850
838,-0.104729,-0.000448
839,-0.006214,0.158175
840,0.164567,-0.113088
841,-0.012175,0.034708
842,0.137386,0.064481
843,-0.032038,0.094198
844,0.016707,-0.017550
845,-0.060177,-0.031056
846,0.072029,0.017550
847,-0.072835,-0.109569
848,0.009527,-0.081583
849,-0.123714,0.076144
850,0.064401,-0.015819
851,-0.184923,-0.017606
852,-0.028511,0.146457
853,-0.143991,0.042775
854,0.077508,0.035605
855,-0.070981,0.216769
856,-0.028462,0.004100
857,-0.017457,-0.181613
858,0.200690,-0.245645
859,-0.003047,0.047323
860,0.046693,-0.076144
861,0.022625,0.123075
862,-0.039249,0.211386
863,-0.078150,-0.099637
864,0.093371,-0.087863
865,-0.080751,-0.222208
866,0.139199,-0.069864
867,-0.103244,0.181613
868,-0.081700,-0.027537
869,-0.195534,-0.052762
870,0.023043,0.181668
871,-0.193037,-0.029269
872,-0.064488,0.129355
873,-0.235018,-0.029325
874,-0.042034,0.070761
875,0.054175,-0.007619
876,0.099749,-0.017606
877,-0.027181,0.105020
878,-0.227629,0.004100
879,-0.037156,-0.094198
880,0.068075,0.109569
881,0.119923,0.011270
882,0.007314,0.015819
883,0.005425,-0.159963
884,-0.001248,-0.111356
885,-0.030314,-0.042775
886,-0.089810,-0.031056
887,0.036265,-0.023886
888,0.283426,0.081583
889,-0.040659,-0.019338
890,0.120085,0.040988
891,-0.254812,0.052707
892,0.089904,0.034708
893,-0.075877,0.019338
894,-0.136427,0.000448
895,0.081790,0.027537
896,-0.132584,0.081583
897,0.139298,0.163614
898,0.165142,0.179881
899,0.026227,-0.005887
900,-0.190098,0.129355
901,-0.158659,0.076144
902,-0.080255,-0.031056
903,-0.043471,0.240207
904,0.356586,-0.151895
905,0.273699,-0.040988
906,0.096846,-0.082480
907,0.097106,-0.047323
908,-0.087008,0.134738
909,-0.031630,0.064481
910,0.197132,0.041043
911,0.013930,-0.123019
912,-0.137246,-0.109569
913,-0.107648,-0.176230
914,-0.025377,-0.062694
915,-0.031888,0.041043
916,-0.073700,0.105020
917,0.132845,0.077931
918,0.043459,-0.034708
919,-0.006858,-0.269083
920,0.075828,0.101369
921,0.129877,0.064481
922,-0.013036,-0.134793
923,0.061159,0.059042
924,0.014422,0.081583
925,0.029377,-0.052707
926,-0.215771,-0.034708
927,-0.067075,-0.183400
928,0.174840,-0.040988
929,-0.030513,0.094198
930,0.183993,-0.017550
931,0.236560,0.109569
932,-0.010660,-0.111300
933,0.082810,-0.034708
934,0.142693,0.109569
935,-0.075649,0.151895
936,0.051214,-0.047323
937,0.065797,-0.099637
938,-0.032236,0.113088
939,0.028685,0.275418
940,-0.164847,0.216825
941,0.048136,0.023886
942,-0.109535,0.027537
943,-0.071389,-0.171681
944,-0.113344,0.205050
945,-0.144586,0.123019
946,-0.092433,-0.029325
947,0.057705,0.076200
948,-0.134563,-0.140177
949,-0.176219,0.046427
950,-0.126800,-0.022989
951,-0.124289,0.121287
952,-0.093219,-0.093302
953,0.048443,0.121287
954,-0.019127,-0.164511
955,0.016207,0.101369
956,-0.074273,-0.019338
957,0.018147,0.004100
958,0.065705,0.216769
959,0.012431,-0.240207
960,-0.090951,-0.111356
961,0.022468,0.193387
962,0.069030,-0.158231
963,0.064532,-0.076144
964,0.107650,0.195119
965,-0.037412,-0.111300
966,0.138229,0.124806
967,0.245433,0.035605
968,-0.068945,0.029269
969,-0.095560,0.000448
970,-0.277050,0.087863
971,-0.082091,0.023886
972,0.026253,-0.035605
973,0.053876,-0.070761
974,-0.051694,-0.052707
975,0.037660,-0.168162
976,-0.105285,0.069864
977,0.096857,0.076144
978,-0.105759,0.058145
979,0.112746,-0.027537
980,0.100229,-0.039256
981,0.003037,0.141073
982,0.039655,-0.111356
983,0.188197,-0.164511
984,-0.063762,0.000448
985,0.107047,0.187948
986,-0.131370,0.015819
987,-0.171478,-0.156444
988,-0.077298,0.140177
989,-0.047013,-0.046427
990,0.018848,-0.007619
991,0.005209,-0.141073
992,0.110339,-0.117636
993,-0.083400,-0.164511
994,0.101794,-0.019338
995,-0.137705,0.152792
996,-0.122538,0.094198
997,-0.012481,-0.027537
998,-0.170369,-0.052707
999,-0.135781,-0.169950
1000,-0.050047,0.064425
1001,0.072504,-0.152792
1002,0.013910,-0.012167
1003,-0.068411,0.029325
1004,-0.062118,0.029269
1005,0.002782,0.164511
1006,-0.203619,0.193332
1007,-0.102894,0.041043
1008,-0.179254,-0.136525
1009,0.037812,-0.140177
1010,-0.098214,-0.042775
1011,-0.176789,-0.133006
1012,0.074715,0.111356
1013,0.004501,-0.116739
1014,0.041734,0.052707
1015,0.153565,0.040988
1016,0.227916,0.034708
1017,0.018790,0.077931
1018,0.080858,-0.040988
1019,-0.092385,-0.077931
1020,-0.304192,0.041043
1021,-0.025153,-0.134738
1022,-0.004396,-0.087863
1023,-0.106051,-0.047323
1024,0.044250,-0.031056
1025,0.172235,-0.064481
1026,-0.046717,-0.027537
1027,0.153749,0.105917
1028,-0.050259,0.070761
1029,0.233614,0.305136
1030,0.003851,0.140177
1031,0.007042,0.007619
1032,-0.070597,-0.148244
1033,-0.125385,-0.007619
1034,-0.011233,-0.171681
1035,-0.142834,0.105917
1036,-0.055231,0.039256
1037,-0.046470,0.064425
1038,0.015887,0.163614
1039,0.017751,-0.275418
1040,-0.109109,0.007619
1041,-0.081184,-0.240262
1042,0.179120,-0.211386
1043,0.029604,-0.105020
1044,-0.107565,0.047323
1045,0.005592,0.015819
1046,0.000610,-0.156444
1047,-0.117668,0.005887
1048,0.058461,0.156444
1049,0.062997,0.029325
1050,0.113834,-0.058145
1051,-0.108907,0.059042
1052,0.071165,0.123019
1053,-0.012505,-0.019338
1054,0.212652,0.035605
1055,-0.111623,0.134793
1056,-0.038624,0.240207
1057,0.133604,-0.050975
1058,-0.166314,-0.105020
1059,0.123695,0.136525
1060,-0.028427,0.046427
1061,0.075798,-0.047323
1062,-0.160869,0.151895
1063,-0.141851,0.012167
1064,-0.168183,0.052707
1065,-0.011388,-0.105020
1066,0.027859,-0.042775
1067,-0.007511,0.064481
1068,-0.009086,0.007619
1069,-0.091782,0.027537
1070,0.042838,0.041043
1071,0.077289,0.011270
1072,-0.182074,0.052707
1073,-0.079089,-0.193332
1074,-0.098768,0.134793
1075,0.039386,-0.012167
1076,-0.077445,0.047323
1077,0.135095,0.011270
1078,-0.082496,-0.134793
1079,-0.036226,0.099637
1080,-0.112216,0.148244
1081,0.103526,0.034708
1082,0.156633,0.027537
1083,0.074757,-0.077931
1084,-0.029692,0.046427
1085,-0.089985,-0.146512
1086,-0.097967,0.017606
1087,-0.038741,0.146512
1088,0.112958,-0.066213
1089,-0.041618,-0.158175
1090,-0.024804,-0.134793
1091,-0.075526,-0.169894
1092,-0.012889,0.047323
1093,-0.123836,0.062694
1094,0.020531,0.042775
1095,-0.116721,0.012167
1096,-0.039139,-0.105917
1097,0.003399,0.062694
1098,-0.080750,0.066213
1099,-0.107541,0.050975
1100,0.067690,0.082480
1101,-0.003262,-0.128458
1102,-0.042849,-0.198770
1103,-0.018308,0.058145
1104,-0.014483,-0.039256
1105,-0.000137,-0.062694
1106,0.079156,-0.005832
1107,0.007445,-0.156444
1108,0.011940,-0.099637
1109,0.002385,-0.093302
1110,-0.064165,0.023886
1111,-0.075890,0.111300
1112,-0.075013,0.082480
1113,-0.046137,-0.099582
1114,-0.007867,-0.005887
1115,0.026448,0.101369
1116,-0.124055,0.050975
1117,-0.042620,0.004100
1118,-0.053685,-0.005832
1119,-0.275149,0.205050
1120,-0.025338,-0.128458
1121,-0.051018,0.029269
1122,-0.008184,0.066213
1123,-0.039543,-0.179881
1124,0.177464,0.066213
1125,0.057230,0.226756
1126,0.124387,0.198770
1127,0.113455,0.005832
1128,0.151493,0.087918
1129,0.041958,0.105917
1130,0.070303,-0.027537
1131,0.094194,-0.152792
1132,-0.043431,-0.005832
1133,0.017850,0.215037
1134,0.163868,0.031056
1135,-0.052622,0.000448
1136,0.006409,-0.040988
1137,-0.092290,0.012167
1138,-0.073359,0.005832
1139,0.106152,0.086131
1140,-0.022880,-0.093302
1141,0.138532,0.052707
1142,-0.035544,0.041043
1143,0.036070,0.094198
1144,0.154098,0.241994
1145,0.053229,0.050975
1146,-0.132576,0.023886
1147,-0.167761,0.094198
1148,0.064415,0.129355
1149,0.051498,0.034708
1150,-0.042774,-0.111300
1151,-0.006445,-0.054494
1152,-0.025254,0.117636
1153,-0.249782,0.042775
1154,0.261692,-0.005832
1155,-0.020984,0.029269
1156,-0.025644,0.199667
1157,0.090155,0.062694
1158,-0.195120,0.017550
1159,0.184382,-0.046427
1160,-0.014242,0.070761
1161,0.067969,0.111356
1162,0.018424,-0.094198
1163,-0.082324,-0.019338
1164,0.080953,-0.179881
1165,-0.045103,0.005832
1166,0.052968,0.082480
1167,0.139385,-0.035605
1168,-0.062088,-0.141073
1169,-0.141075,-0.027537
1170,0.149778,-0.029325
1171,0.127370,-0.146512
1172,-0.037317,-0.012167
1173,0.040985,0.052707
1174,-0.028072,-0.105917
1175,0.180358,-0.017606
1176,0.063706,0.198770
1177,-0.067441,0.029269
1178,0.067270,-0.039256
1179,-0.075159,-0.148244
1180,-0.106029,-0.004100
1181,0.090244,0.064481
1182,-0.048884,0.029269
1183,0.165060,-0.015819
1184,0.167755,-0.035605
1185,-0.007033,0.148244
1186,0.073019,0.187052
1187,0.022072,0.175333
1188,0.020585,0.031056
1189,0.228119,-0.089650
1190,-0.036016,-0.039256
1191,-0.074352,-0.111356
1192,-0.059586,0.017550
1193,-0.064047,0.022989
1194,-0.036115,-0.005887
1195,-0.087050,0.027537
1196,-0.113026,0.223105
1197,-0.069448,-0.113088
1198,0.030086,-0.094198
1199,-0.157223,-0.076144
1200,-0.145897,-0.039256
1201,0.074939,0.004100
1202,-0.008900,0.101369
1203,-0.009058,-0.101369
1204,0.094971,0.064481
1205,0.010953,0.152792
1206,0.067700,-0.140177
1207,-0.049812,0.066213
1208,-0.013385,-0.164511
1209,0.047897,-0.031056
1210,0.032535,-0.097850
1211,0.209676,-0.158175
1212,-0.137309,0.047323
1213,-0.029770,0.005832
1214,0.021040,0.069864
1215,0.009319,0.159963
1216,-0.042911,-0.134738
1217,0.079016,-0.035605
1218,0.101312,0.164511
1219,0.047965,-0.109569
1220,-0.142919,-0.062694
1221,0.122371,-0.076144
1222,-0.072407,-0.086131
1223,-0.028424,0.041043
1224,-0.008238,0.029325
1225,-0.065319,-0.017550
1226,-0.046188,-0.039256
1227,-0.160300,0.069864
1228,-0.021627,0.089650
1229,0.057222,0.136525
1230,0.126569,0.183400
1231,0.003161,0.011270
1232,-0.184367,-0.089650
1233,-0.086776,-0.181668
1234,-0.136518,-0.015819
1235,-0.048265,0.047323
1236,0.011836,0.070761
1237,0.057521,-0.099637
1238,0.100420,0.169950
1239,-0.065456,0.027537
1240,-0.030375,0.027537
1241,0.020374,0.064481
1242,-0.010191,-0.258261
1243,-0.038490,-0.029325
1244,-0.177867,0.062694
1245,-0.221729,0.074412
1246,-0.234469,0.105020
1247,-0.081242,0.019338
1248,-0.088601,-0.074412
1249,0.003652,-0.023886
1250,-0.047053,-0.017606
1251,-0.032475,0.035605
1252,-0.129169,0.023886
1253,-0.068020,0.007619
1254,-0.102333,-0.074412
1255,-0.122377,-0.046427
1256,-0.007712,-0.099637
1257,-0.148088,0.101369
1258,-0.005669,0.230275
1259,-0.109234,-0.047323
1260,0.108767,-0.058145
1261,0.082428,0.062694
1262,-0.111581,-0.087918
1263,-0.100817,0.054494
1264,0.143694,-0.012167
1265,-0.054491,0.099582
1266,0.029760,-0.066213
1267,0.117073,0.089650
1268,0.082253,-0.087863
1269,-0.013181,-0.027537
1270,0.095658,0.064481
1271,-0.207987,-0.005887
1272,-0.084057,-0.027537
1273,-0.191269,0.230275
1274,-0.018254,-0.101369
1275,-0.121501,0.169894
1276,0.022904,0.050975
1277,0.063049,-0.077931
1278,0.114010,-0.086131
1279,0.070073,-0.146457
1280,0.054302,0.082480
1281,0.034167,0.054494
1282,-0.019521,0.169894
1283,-0.005661,-0.015819
1284,0.071037,-0.113088
1285,-0.043959,0.113088
1286,-0.213468,-0.070761
1287,-0.155347,-0.094198
1288,-0.019131,0.050975
1289,0.019014,0.099637
1290,-0.046652,-0.017550
1291,-0.050141,-0.059042
1292,-0.138627,0.015819
1293,-0.091069,0.031056
1294,-0.020065,-0.087863
1295,0.031928,0.022989
1296,0.032421,-0.074412
1297,0.031098,-0.077931
1298,-0.147974,0.146457
1299,0.008843,-0.093302
1300,-0.060018,-0.011270
1301,0.067880,0.163614
1302,-0.108425,0.228543
1303,0.124539,0.087863
1304,-0.048670,0.121287
1305,0.198453,-0.029325
1306,-0.069303,-0.158231
1307,0.115230,0.183400
1308,-0.092189,0.022989
1309,0.138497,-0.052762
1310,0.025865,0.141073
1311,0.003310,0.087863
1312,-0.177251,0.004100
1313,-0.049032,-0.062694
1314,-0.014821,0.064481
1315,0.048609,-0.164511
1316,0.027073,-0.069864
1317,0.124117,0.029269
1318,-0.217862,-0.089650
1319,0.068208,0.109569
1320,0.161054,0.015819
1321,0.098633,0.070761
1322,-0.079556,0.191600
1323,-0.096088,0.069864
1324,0.064073,-0.007619
1325,-0.039265,0.047323
1326,-0.038605,-0.121287
1327,-0.164559,0.069864
1328,-0.045302,-0.017606
1329,0.042236,0.074412
1330,0.145099,0.158175
1331,-0.074908,-0.005887
1332,-0.020135,0.019338
1333,0.163839,0.105917
1334,-0.004828,0.050975
1335,-0.023840,-0.046427
1336,-0.010776,-0.087863
1337,0.182943,-0.074412
1338,-0.071843,0.035605
1339,-0.021213,-0.099637
1340,0.170013,0.059042
1341,0.332180,0.101369
1342,-0.012495,0.064481
1343,0.015093,-0.094198
1344,0.085531,-0.228488
1345,-0.141507,0.077931
1346,0.010962,-0.005832
1347,-0.052170,-0.076200
1348,-0.017149,0.040988
1349,0.182077,-0.263644
1350,-0.164581,0.005832
1351,0.025722,-0.029269
1352,-0.122361,0.004100
1353,-0.105074,0.058145
1354,0.055229,-0.124806
1355,0.062057,-0.163614
1356,0.098982,0.116739
1357,0.009190,0.077931
1358,-0.040475,-0.140177
1359,0.169302,-0.066213
1360,-0.093740,0.004100
1361,0.158935,-0.081583
1362,-0.121890,0.017550
1363,0.041580,-0.039256
1364,-0.138999,0.052707
1365,0.191450,0.012167
1366,0.049782,-0.039256
1367,-0.097570,-0.005832
1368,-0.024505,0.181613
1369,-0.026222,0.105917
1370,0.025006,-0.086131
1371,0.058463,-0.070761
1372,-0.101768,-0.050975
1373,0.041891,0.062694
1374,0.028291,0.007619
1375,-0.215108,-0.199667
1376,0.070334,0.151895
1377,0.281810,0.005832
1378,-0.033574,-0.066213
1379,0.044214,0.223105
1380,-0.087440,-0.059042
1381,0.233525,0.163614
1382,-0.010689,0.059042
1383,0.030361,0.062694
1384,0.014330,-0.012167
1385,0.176277,-0.105020
1386,-0.087802,-0.064481
1387,-0.044064,-0.059042
1388,-0.015654,-0.089650
1389,0.026583,-0.031056
1390,0.005556,-0.015819
1391,0.149271,0.042775
1392,-0.000524,-0.151895
1393,-0.088916,-0.005832
1394,-0.162950,0.146457
1395,0.054859,0.015819
1396,0.116597,0.054494
1397,0.003902,0.258261
1398,0.068865,0.113088
1399,-0.008370,-0.005832
1400,-0.085295,-0.175333
1401,-0.108910,0.097850
1402,0.041563,-0.121287
1403,0.043156,-0.205050
1404,-0.050615,-0.081583
1405,0.093683,0.022989
1406,-0.004849,0.042775
1407,-0.053721,0.105020
1408,-0.158935,-0.059042
1409,0.030899,-0.215037
1410,0.139957,0.146457
1411,-0.068525,0.035605
1412,0.069360,-0.050975
1413,0.050922,0.062694
1414,0.079219,0.233927
1415,0.001493,-0.042775
1416,0.092567,-0.052707
1417,0.024909,0.040988
1418,-0.159162,-0.199667
1419,-0.140781,-0.148244
1420,0.024303,0.076200
1421,0.130557,0.233927
1422,0.013536,0.069864
1423,0.067167,-0.064425
1424,0.077724,0.241994
1425,-0.092323,0.004100
1426,0.017104,0.005887
1427,-0.014144,-0.023886
1428,0.006210,0.005887
1429,-0.145460,0.059042
1430,-0.073342,0.040988
1431,-0.016484,-0.123019
1432,0.018235,-0.210489
1433,-0.125393,-0.017606
1434,-0.047520,0.047323
1435,-0.071605,-0.093302
1436,-0.020563,-0.031056
1437,0.105853,-0.069864
1438,-0.088776,0.041043
1439,-0.167332,-0.046427
1440,0.059149,0.077931
1441,-0.007926,0.050975
1442,-0.155612,0.052762
1443,-0.040935,-0.169950
1444,-0.021934,-0.087918
1445,-0.134951,0.087863
1446,0.159592,0.035605
1447,0.205274,0.029269
1448,-0.039971,-0.034708
1449,0.031968,-0.263700
1450,0.032610,-0.193332
1451,-0.120084,-0.113088
1452,-0.023730,-0.069864
1453,0.000779,-0.040988
1454,0.115285,-0.052707
1455,-0.045998,-0.027537
1456,-0.092089,-0.054494
1457,0.100723,-0.074412
1458,0.123102,-0.089650
1459,-0.010317,-0.134738
1460,0.114317,0.034708
1461,0.067540,0.015819
1462,0.094812,-0.031056
1463,0.032962,0.017606
1464,-0.188346,-0.023886
1465,-0.180853,0.140177
1466,-0.018137,0.007619
1467,-0.082010,0.087918
1468,-0.047051,0.039256
1469,0.209167,-0.035605
1470,-0.081679,-0.076144
1471,-0.168234,0.097850
1472,-0.016439,-0.134738
1473,-0.222045,0.034708
1474,-0.118819,-0.077931
1475,0.018436,-0.029325
1476,-0.046439,0.035605
1477,-0.023805,-0.017550
1478,-0.146186,-0.011270
1479,0.207769,-0.081583
1480,0.000595,-0.031056
1481,-0.017889,0.128458
1482,0.112081,0.000448
1483,-0.023521,0.105020
1484,0.047934,-0.074412
1485,0.134240,-0.228543
1486,-0.094405,0.216769
1487,-0.039868,0.069864
1488,-0.049843,-0.007619
1489,0.087472,0.148244
1490,0.067541,0.041043
1491,0.160035,0.022989
1492,-0.051454,-0.133006
1493,-0.072213,-0.251981
1494,-0.092040,-0.046427
1495,-0.192257,0.097850
1496,0.061926,-0.099637
1497,-0.096378,0.133006
1498,-0.124435,-0.042775
1499,0.074445,0.019338
1500,-0.079444,0.058145
1501,-0.034632,-0.076200
1502,0.123751,-0.087918
1503,-0.092967,-0.087863
1504,0.028009,-0.027537
1505,-0.122068,0.029269
1506,0.059188,-0.141073
1507,0.002260,-0.059042
1508,-0.100159,-0.066213
1509,-0.077488,0.136525
1510,0.027118,-0.128458
1511,-0.074314,0.059042
1512,-0.025667,0.076200
1513,-0.040542,-0.042775
1514,0.014009,-0.052707
1515,-0.071459,0.097850
1516,-0.116242,0.109569
1517,-0.116211,0.059042
1518,-0.077599,0.099637
1519,-0.152347,-0.040988
1520,-0.068601,0.187948
1521,0.024788,-0.029325
1522,0.066142,0.005887
1523,-0.094433,-0.074412
1524,-0.067867,-0.099637
1525,0.029767,0.074412
1526,-0.155434,-0.039256
1527,0.074270,-0.111356
1528,0.030707,0.019338
1529,0.076678,0.159963
1530,-0.068583,-0.023886
1531,-0.013789,-0.027537
1532,-0.013497,0.050975
1533,-0.062860,-0.034708
1534,0.249840,-0.005887
1535,0.058420,-0.058145
1536,-0.072167,0.315958
1537,-0.016360,-0.011270
1538,-0.099977,-0.082480
1539,-0.205609,-0.133006
1540,0.038308,0.087918
1541,-0.043772,0.164511
1542,-0.112904,-0.058145
1543,-0.027260,-0.064481
1544,-0.030098,0.004100
1545,-0.046287,-0.144725
1546,-0.073555,0.074412
1547,-0.015080,0.054494
1548,-0.015662,0.040988
1549,0.092615,-0.101369
1550,0.113456,0.017550
1551,-0.140552,-0.004100
1552,0.085083,0.017550
1553,-0.038562,-0.128458
1554,0.028808,-0.029269
1555,-0.091586,-0.093302
1556,-0.215806,0.062694
1557,-0.046258,0.064481
1558,0.024831,-0.210489
1559,-0.030817,-0.007619
1560,0.017766,-0.136525
1561,0.022386,0.050975
1562,0.027397,-0.124806
1563,-0.123946,0.074412
1564,-0.082890,0.123019
1565,-0.089186,0.047323
1566,0.027631,0.123075
1567,-0.101389,0.011270
1568,0.113897,0.059042
1569,0.229406,0.059042
1570,0.033925,-0.059042
1571,0.102160,-0.156444
1572,0.052441,-0.029325
1573,0.020395,-0.022989
1574,0.093880,0.017550
1575,-0.106890,-0.029269
1576,-0.297446,-0.123075
1577,-0.139390,0.054494
1578,-0.061216,-0.027537
1579,-0.048041,0.074412
1580,-0.039922,-0.017550
1581,0.199380,0.022989
1582,0.094728,0.087918
1583,-0.059376,-0.012167
1584,0.012641,-0.087918
1585,-0.070949,-0.041043
1586,0.005282,0.199667
1587,0.059710,0.169894
1588,0.032888,0.087863
1589,0.179914,0.035605
1590,-0.030378,-0.099637
1591,0.026355,0.076144
1592,0.037414,0.042775
1593,-0.051028,-0.017550
1594,-0.069814,-0.156444
1595,0.023947,-0.050975
1596,0.041550,-0.040988
1597,0.041874,0.007619
1598,0.131582,-0.097850
1599,0.017047,-0.193387
1600,-0.086573,0.000448
1601,0.118918,-0.117636
1602,0.261492,0.054494
1603,-0.031315,0.017606
1604,-0.057511,-0.111300
1605,0.005834,0.017606
1606,-0.101447,0.064481
1607,0.040135,0.012167
1608,0.198264,-0.054494
1609,-0.033019,0.076144
1610,0.079651,0.023886
1611,-0.153711,-0.168162
1612,0.079410,0.019338
1613,-0.116420,-0.052762
1614,-0.025991,-0.017606
1615,0.018535,0.005887
1616,0.065404,0.041043
1617,-0.159951,-0.171681
1618,0.019052,-0.245645
1619,-0.007434,0.023886
1620,-0.047191,0.064425
1621,-0.073341,0.146457
1622,-0.032876,0.047323
1623,-0.027881,-0.134793
1624,0.148170,-0.017550
1625,0.034521,0.113088
1626,-0.138202,-0.087863
1627,-0.060133,0.169894
1628,0.122876,0.000448
1629,0.131597,-0.099637
1630,-0.062279,-0.050975
1631,0.248455,-0.134793
1632,0.043950,-0.034708
1633,-0.010333,0.011270
1634,0.060594,-0.035605
1635,-0.014587,-0.097850
1636,0.031335,0.121287
1637,-0.088969,0.113088
1638,0.035591,-0.046427
1639,-0.083393,-0.181613
1640,-0.163078,0.136525
1641,-0.107837,-0.086131
1642,0.060682,0.148244
1643,-0.047205,-0.089650
1644,-0.002259,0.099582
1645,0.157970,0.087863
1646,-0.083013,0.191600
1647,0.120659,0.076200
1648,-0.012859,-0.054494
1649,-0.100994,0.111356
1650,0.035828,-0.046427
1651,0.049514,-0.066213
1652,-0.153218,0.117636
1653,0.129524,-0.034708
1654,-0.156358,-0.156444
1655,-0.137475,-0.052707
1656,0.133084,0.240207
1657,-0.122603,-0.059042
1658,-0.012506,0.251981
1659,0.092848,-0.158231
1660,-0.009399,0.007619
1661,0.065514,0.019338
1662,0.020983,0.050975
1663,-0.095041,0.105917
1664,0.098433,0.019338
1665,0.046084,0.101369
1666,-0.066312,-0.005887
1667,0.076975,0.277150
1668,0.066064,-0.035605
1669,-0.109510,-0.029269
1670,0.147418,-0.086131
1671,-0.113548,-0.093302
1672,-0.011214,-0.029269
1673,0.087819,-0.004100
1674,-0.078098,0.050975
1675,-0.056115,0.027537
1676,-0.039100,-0.101369
1677,-0.036265,-0.187948
1678,0.142323,0.105917
1679,0.029404,0.011270
1680,-0.049321,0.017550
1681,-0.203103,0.203319
1682,0.098571,-0.007619
1683,-0.072562,-0.187948
1684,-0.034824,-0.011270
1685,0.032224,-0.076200
1686,0.110507,0.140177
1687,-0.025566,-0.086131
1688,0.071137,0.158231
1689,-0.008814,-0.105917
1690,0.239408,-0.246542
1691,-0.091011,0.113088
1692,0.099780,-0.171681
1693,0.046970,0.017606
1694,-0.105192,-0.029325
1695,0.242231,-0.046427
1696,0.049808,0.004100
1697,0.114459,0.022989
1698,0.174663,0.218556
1699,-0.237965,0.005832
1700,-0.195508,-0.151895
1701,0.206930,0.128458
1702,-0.060006,-0.022989
1703,0.050035,0.081583
1704,-0.087706,0.066213
1705,-0.077751,-0.123075
1706,0.161038,-0.277150
1707,0.081743,0.099582
1708,-0.035489,-0.054494
1709,0.075073,-0.082480
1710,0.107378,0.017550
1711,0.015423,-0.015819
1712,-0.036296,0.086131
1713,0.081376,0.000448
1714,0.023694,0.058145
1715,-0.089086,-0.070761
1716,0.053099,-0.176230
1717,-0.049605,0.238475
1718,0.024904,-0.027537
1719,0.081694,0.022989
1720,0.066169,0.099637
1721,0.023556,0.017606
1722,-0.116825,0.123075
1723,0.039624,0.066213
1724,-0.211724,0.146512
1725,0.071290,-0.029325
1726,-0.040090,0.011270
1727,0.020825,-0.176230
1728,-0.038210,-0.017550
1729,-0.032880,0.134793
1730,-0.079445,-0.064481
1731,0.043608,0.105917
1732,0.001907,0.181613
1733,0.012876,-0.187052
1734,0.013663,-0.054494
1735,0.162306,0.027537
1736,0.057707,-0.191600
1737,0.010258,0.275418
1738,0.303751,-0.117636
1739,0.180993,-0.111300
1740,-0.129645,0.034708
1741,0.002383,0.041043
1742,0.037714,-0.164511
1743,0.103796,-0.077931
1744,0.024968,0.035605
1745,-0.061367,-0.012167
1746,-0.000144,0.076200
1747,0.115304,0.146457
1748,0.111523,0.047323
1749,-0.036013,0.156444
1750,0.174202,-0.017550
1751,-0.062452,-0.029269
1752,-0.211446,0.146457
1753,0.093842,-0.007619
1754,0.128832,0.015819
1755,0.120196,0.158175
1756,-0.182261,-0.046427
1757,0.059399,0.082480
1758,0.016810,-0.109569
1759,-0.116421,-0.158175
1760,-0.134532,-0.121287
1761,0.113650,0.040988
1762,0.034366,-0.105020
1763,-0.091511,0.017606
1764,0.082857,-0.151895
1765,-0.080569,0.029269
1766,0.015442,-0.046427
1767,0.057756,0.205050
1768,0.159912,-0.070761
1769,-0.036199,-0.015819
1770,0.019806,0.059042
1771,-0.033951,0.124806
1772,0.104438,0.031056
1773,0.092376,0.017606
1774,0.138602,0.181613
1775,0.163276,-0.046427
1776,0.208324,-0.017550
1777,0.022952,0.005887
1778,-0.113213,-0.124806
1779,-0.092703,-0.099582
1780,-0.036220,0.134793
1781,-0.056536,0.066213
1782,-0.084586,0.040988
1783,-0.029360,-0.181613
1784,-0.142135,0.022989
1785,0.006181,-0.042775
1786,0.003668,0.054494
1787,0.064053,-0.141073
1788,-0.049971,-0.253713
1789,-0.092977,-0.136525
1790,-0.153159,0.076144
1791,0.114736,-0.101369
1792,-0.161374,-0.054494
1793,-0.165523,0.017606
1794,0.063576,-0.152792
1795,-0.186010,-0.058145
1796,0.061499,0.111300
1797,0.102496,0.074412
1798,0.015603,0.134793
1799,-0.111043,-0.035605
1800,-0.149177,0.171681
1801,-0.083271,-0.076200
1802,-0.137819,0.046427
1803,-0.110014,0.047323
1804,0.044080,0.000448
1805,-0.064660,0.123075
1806,0.000886,-0.011270
1807,-0.094609,-0.034708
1808,-0.037922,0.041043
1809,0.025933,0.040988
1810,-0.195394,-0.062694
1811,-0.015931,-0.123019
1812,-0.161841,0.240262
1813,-0.016561,-0.064481
1814,-0.030899,-0.216825
1815,0.005655,0.181668
1816,0.035051,0.031056
1817,-0.033634,-0.158175
1818,-0.086237,0.046427
1819,0.031156,0.099582
1820,-0.118782,0.066213
1821,0.143587,-0.070761
1822,-0.045150,-0.116739
1823,-0.002255,-0.094198
1824,-0.043778,0.017550
1825,-0.053746,-0.027537
1826,0.043178,0.076200
1827,-0.041260,0.134738
1828,-0.090948,0.176230
1829,0.061588,0.012167
1830,0.036621,0.077931
1831,0.025112,-0.023886
1832,-0.033035,0.117636
1833,-0.142653,0.082480
1834,-0.066627,-0.123075
1835,0.133121,0.005832
1836,-0.030597,0.039256
1837,-0.089297,-0.081583
1838,0.091693,-0.017550
1839,-0.043423,-0.086131
1840,0.085371,-0.093302
1841,-0.149705,0.269083
1842,-0.250167,-0.105020
1843,0.046590,-0.042775
1844,-0.085832,-0.077931
1845,-0.078045,-0.077931
1846,0.041686,-0.035605
1847,0.086282,-0.121287
1848,-0.069130,0.086131
1849,-0.161751,0.117636
1850,-0.047273,0.035605
1851,-0.015339,0.011270
1852,0.020556,-0.105020
1853,0.037902,-0.005832
1854,0.031694,0.183400
1855,0.078552,0.062694
1856,0.108671,-0.099582
1857,0.016784,-0.062694
1858,-0.019199,0.136525
1859,0.131132,0.017606
1860,-0.002873,-0.081583
1861,-0.069783,0.176230
1862,-0.139893,0.035605
1863,0.011598,0.124806
1864,-0.004813,-0.052707
1865,-0.155230,-0.058145
1866,-0.222827,-0.069864
1867,-0.016170,-0.069864
1868,-0.049187,0.029269
1869,-0.204929,-0.074412
1870,-0.060725,0.171681
1871,0.069728,-0.040988
1872,0.021709,0.005832
1873,0.031257,-0.129355
1874,0.092046,0.086131
1875,-0.143997,-0.041043
1876,0.109461,0.158231
1877,-0.065736,0.040988
1878,-0.123647,0.007619
1879,0.136054,-0.187052
1880,-0.078235,-0.027537
1881,-0.080191,0.206838
1882,0.099714,-0.163614
1883,0.012770,0.047323
1884,-0.111249,0.146512
1885,0.039642,0.094198
1886,0.057620,-0.129355
1887,-0.157281,0.163614
1888,-0.105929,-0.152792
1889,-0.046814,-0.042775
1890,0.200336,-0.159963
1891,0.066525,0.042775
1892,-0.240614,-0.210489
1893,0.091321,0.059042
1894,-0.055181,-0.148244
1895,-0.023303,-0.004100
1896,0.079500,0.159963
1897,-0.054638,-0.046427
1898,-0.045055,0.099582
1899,-0.004793,0.027537
1900,-0.056767,0.011270
1901,0.068846,-0.042775
1902,0.154825,0.146512
1903,0.082390,0.099582
1904,-0.104159,0.019338
1905,0.005852,0.263700
1906,-0.156913,0.246542
1907,-0.084283,0.004100
1908,0.083773,-0.087918
1909,-0.135623,-0.062694
1910,-0.008341,-0.031056
1911,-0.036659,0.034708
1912,-0.126373,0.140177
1913,-0.358309,-0.228488
1914,-0.031056,-0.111356
1915,-0.075332,0.004100
1916,0.058717,0.027537
1917,0.087908,-0.140177
1918,0.077863,-0.081583
1919,-0.138282,-0.101369
1920,-0.022384,0.099582
1921,-0.072759,-0.022989
1922,0.030717,0.124806
1923,0.088594,-0.019338
1924,-0.037255,0.146512
1925,0.060574,-0.022989
1926,-0.091714,0.022989
1927,-0.017576,0.081583
1928,-0.005274,-0.111300
1929,0.090013,-0.086131
1930,-0.086251,0.015819
1931,-0.083087,0.064425
1932,-0.198309,0.105020
1933,-0.059933,0.250194
1934,0.008213,-0.000448
1935,0.047793,0.029325
1936,-0.046047,0.015819
1937,-0.091801,0.015819
1938,-0.055410,-0.086131
1939,-0.100642,-0.089650
1940,0.122888,0.047323
1941,-0.083333,0.087863
1942,-0.086219,0.193332
1943,-0.087033,0.052707
1944,0.224822,0.158231
1945,-0.025739,-0.005832
1946,-0.060128,-0.087918
1947,-0.106853,-0.392550
1948,0.112041,-0.146457
1949,-0.096888,0.000448
1950,-0.084789,0.168162
1951,-0.028876,0.054494
1952,-0.062442,-0.181668
1953,-0.106496,0.039256
1954,-0.049370,0.054494
1955,-0.086199,-0.064425
1956,-0.089323,-0.023886
1957,-0.334600,0.175333
1958,0.056007,0.000448
1959,0.006458,0.029325
1960,0.012258,-0.069864
1961,0.075407,0.069864
1962,0.059232,-0.012167
1963,-0.109365,-0.124806
1964,0.050197,0.004100
1965,-0.192438,-0.046427
1966,-0.165840,-0.000448
1967,-0.122976,0.109569
1968,0.116223,0.066213
1969,-0.065065,-0.054494
1970,0.005649,-0.105020
1971,0.088616,0.023886
1972,-0.179771,0.023886
1973,0.074372,0.031056
1974,0.116122,-0.022989
1975,-0.035097,0.052707
1976,-0.155626,0.054494
1977,-0.069103,0.004100
1978,-0.039514,0.007619
1979,0.073087,0.121287
1980,-0.063433,0.176230
1981,-0.105512,0.099582
1982,-0.075470,0.031056
1983,-0.137760,-0.011270
1984,-0.109483,0.121287
1985,-0.039711,-0.064425
1986,-0.037291,0.034708
1987,-0.107419,-0.077931
1988,0.044121,-0.000448
1989,0.031247,0.027537
1990,0.086005,-0.046427
1991,-0.100556,-0.023886
1992,-0.132524,0.146512
1993,-0.157240,0.041043
1994,0.146816,0.034708
1995,0.092416,0.087863
1996,-0.023131,-0.128458
1997,-0.091634,0.169894
1998,0.093138,-0.074412
1999,0.116544,0.074412
